Player ID,Player,Team,FPL Pos,Status,Chance Play GW1,Predicted Starter,Start Prob,Mins If Start,Mins If Bench,User Mins Override
1,Raya,Arsenal,GK,Available,,True,0.99,90,0,
2,Arrizabalaga,Arsenal,GK,Available,,False,0.01,90,0,
3,Meslier,Arsenal,GK,Available,,False,0.00,90,0,
4,Gabriel,Arsenal,DEF,Available,,True,0.99,90,0,
5,J.Timber,Arsenal,DEF,Injured,0.0,False,0.00,65,25,
6,Saliba,Arsenal,DEF,Injured,0.0,False,0.00,90,0,
7,Lewis-Skelly,Arsenal,MID,Available,,False,0.35,80,25,
8,Calafiori,Arsenal,DEF,Available,,True,0.70,70,20,
9,Hincapie,Arsenal,DEF,Available,,False,0.30,75,20,
10,White,Arsenal,DEF,Available,100.0,True,0.95,80,20,
11,Mosquera,Arsenal,DEF,Available,,True,0.95,85,15,
12,Saka,Arsenal,MID,Available,,False,0.40,78,30,
13,Rice,Arsenal,MID,Available,,True,0.65,80,25,
14,Eze,Arsenal,MID,Available,,False,0.10,75,25,
15,Ødegaard,Arsenal,MID,Available,,True,0.95,82,20,
16,Madueke,Arsenal,MID,Available,,True,0.60,72,25,
17,Merino,Arsenal,MID,Available,,False,0.10,75,20,
18,Martinelli,Arsenal,MID,Available,,False,0.10,75,25,
19,Zubimendi,Arsenal,MID,Available,,False,0.10,80,20,
20,Dowman,Arsenal,MID,Available,,False,0.05,65,15,
21,Nørgaard,Arsenal,MID,Available,,False,0.05,75,20,
22,Nwaneri,Arsenal,MID,Available,,False,0.05,70,20,
23,Fábio Vieira,Arsenal,MID,Available,,False,0.00,70,20,
24,Nelson,Arsenal,MID,Available,,False,0.00,70,20,
25,Gyökeres,Arsenal,FWD,Available,,False,0.30,75,30,
26,Havertz,Arsenal,FWD,Available,,True,0.70,78,20,
27,G.Jesus,Arsenal,FWD,Available,,False,0.00,70,20,
557,Tzolis,Arsenal,MID,Available,,True,0.90,75,20,
28,Martinez,Aston Villa,GK,Available,,False,,,,
29,M.Bizot,Aston Villa,GK,Available,,False,,,,
30,Digne,Aston Villa,DEF,Available,,False,,,,
31,Konsa,Aston Villa,DEF,Available,,False,,,,
32,Cash,Aston Villa,DEF,Available,,False,,,,
33,Mings,Aston Villa,DEF,Available,,False,,,,
34,Pau,Aston Villa,DEF,Available,,False,,,,
35,Bogarde,Aston Villa,MID,Available,,False,,,,
36,Maatsen,Aston Villa,DEF,Available,,False,,,,
37,Lindelöf,Aston Villa,DEF,Available,,False,,,,
38,A.García,Aston Villa,DEF,Available,,False,,,,
39,Nedeljkovic,Aston Villa,DEF,Available,,False,,,,
41,Buendía,Aston Villa,MID,Available,,False,,,,
42,Guessand,Aston Villa,MID,Available,,False,,,,
44,Bailey,Aston Villa,MID,Available,,False,,,,
45,McGinn,Aston Villa,MID,Available,,False,,,,
46,Barkley,Aston Villa,MID,Available,,False,,,,
47,Kamara,Aston Villa,MID,Doubtful,75.0,False,,,,
48,Onana,Aston Villa,MID,Injured,0.0,False,,,,
49,Iling Jr,Aston Villa,MID,Available,,False,,,,
50,Burrowes,Aston Villa,MID,Available,,False,,,,
51,George Hemmings,Aston Villa,MID,Available,,False,,,,
52,Alysson,Aston Villa,MID,Available,,False,,,,
53,Manzambi,Aston Villa,MID,Available,,False,,,,
54,Gomes,Aston Villa,MID,Available,,False,,,,
55,Watkins,Aston Villa,FWD,Available,,False,,,,
56,Abraham,Aston Villa,FWD,Injured,0.0,False,,,,
160,Garnacho,Aston Villa,MID,Available,,False,,,,
57,Petrović,Bournemouth,GK,Available,,False,,,,
58,Forster,Bournemouth,GK,Available,,False,,,,
59,Dennis,Bournemouth,GK,Available,,False,,,,
60,Hill,Bournemouth,DEF,Available,,False,,,,
61,Truffert,Bournemouth,DEF,Available,,False,,,,
62,Diakité,Bournemouth,DEF,Available,,False,,,,
63,Milosavljević,Bournemouth,DEF,Available,,False,,,,
64,Smith,Bournemouth,DEF,Available,,False,,,,
65,J.Araujo,Bournemouth,DEF,Available,,False,,,,
66,Soler,Bournemouth,DEF,Available,,False,,,,
67,Rayan,Bournemouth,MID,Available,,False,,,,
68,Tavernier,Bournemouth,MID,Available,,False,,,,
69,Scott,Bournemouth,MID,Available,,False,,,,
70,Kluivert,Bournemouth,MID,Available,,False,,,,
71,Cook,Bournemouth,MID,Available,,False,,,,
72,Gannon-Doak,Bournemouth,MID,Available,,False,,,,
73,Adams,Bournemouth,MID,Available,,False,,,,
74,Brooks,Bournemouth,MID,Available,,False,,,,
75,Christie,Bournemouth,MID,Suspended,0.0,False,,,,
76,Tóth.A,Bournemouth,MID,Available,,False,,,,
77,Adli,Bournemouth,MID,Available,,False,,,,
78,Kroupi.Jr,Bournemouth,MID,Injured,0.0,False,,,,
79,Evanilson,Bournemouth,FWD,Available,,False,,,,
80,Enes Ünal,Bournemouth,FWD,Available,,False,,,,
81,Rodríguez,Bournemouth,FWD,Available,,False,,,,
566,Silva,Bournemouth,DEF,Available,,False,,,,
82,Kelleher,Brentford,GK,Available,,False,,,,
83,Valdimarsson,Brentford,GK,Available,,False,,,,
84,Collins,Brentford,DEF,Available,,False,,,,
85,Van den Berg,Brentford,DEF,Available,,False,,,,
86,Lewis-Potter,Brentford,MID,Available,,False,,,,
87,Ajer,Brentford,DEF,Available,,False,,,,
88,Kayode,Brentford,DEF,Available,,False,,,,
89,Henry,Brentford,DEF,Available,,False,,,,
90,Hickey,Brentford,DEF,Available,,False,,,,
91,Pinnock,Brentford,DEF,Available,,False,,,,
92,Ji-soo,Brentford,DEF,Available,,False,,,,
93,Schuster,Brentford,DEF,Available,,False,,,,
94,Schade,Brentford,MID,Available,,False,,,,
95,O.Dango,Brentford,MID,Available,,False,,,,
96,Damsgaard,Brentford,MID,Available,,False,,,,
97,Jensen,Brentford,MID,Available,,False,,,,
98,Janelt,Brentford,MID,Available,,False,,,,
99,Milambo,Brentford,MID,Doubtful,75.0,False,,,,
100,Carvalho,Brentford,MID,Injured,0.0,False,,,,
101,Henderson,Brentford,MID,Unavailable,0.0,False,,,,
102,Yarmoliuk,Brentford,MID,Available,,False,,,,
103,Dasilva,Brentford,MID,Available,,False,,,,
105,Anthony,Brentford,MID,Available,,False,,,,
106,Thiago,Brentford,FWD,Available,,False,,,,
107,Furo,Brentford,FWD,Available,,False,,,,
108,Wilson,Brentford,FWD,Available,,False,,,,
565,Sangaré,Brentford,MID,Available,,False,,,,
109,Verbruggen,Brighton,GK,Available,,False,,,,
110,Rushworth,Brighton,GK,Available,,False,,,,
111,Steele,Brighton,GK,Available,,False,,,,
113,F.Kadıoğlu,Brighton,DEF,Available,,False,,,,
114,Boscagli,Brighton,DEF,Available,,False,,,,
115,De Cuyper,Brighton,DEF,Available,,False,,,,
116,Dunk,Brighton,DEF,Available,,False,,,,
117,Coppola,Brighton,DEF,Available,,False,,,,
118,Igor,Brighton,DEF,Available,,False,,,,
119,Costinha,Brighton,DEF,Available,,False,,,,
120,Svoboda,Brighton,DEF,Available,,False,,,,
121,Mitoma,Brighton,MID,Injured,0.0,False,,,,
122,Minteh,Brighton,MID,Available,,False,,,,
123,Hinshelwood,Brighton,MID,Available,,False,,,,
124,Groß,Brighton,MID,Available,,False,,,,
125,Georginio,Brighton,FWD,Available,,False,,,,
126,O'Riley,Brighton,MID,Available,,False,,,,
127,Gomez,Brighton,MID,Available,,False,,,,
128,Buonanotte,Brighton,MID,Available,,False,,,,
129,Ayari,Brighton,MID,Available,,False,,,,
130,Wieffer,Brighton,DEF,Available,,False,,,,
131,Baleba,Brighton,MID,Available,,False,,,,
132,Howell,Brighton,MID,Available,,False,,,,
133,Watson,Brighton,MID,Unavailable,0.0,False,,,,
134,Oriola,Brighton,MID,Available,,False,,,,
135,Yohanna,Brighton,MID,Available,,False,,,,
137,Tzimas,Brighton,FWD,Doubtful,75.0,False,,,,
138,Kostoulas,Brighton,FWD,Available,,False,,,,
139,Ferguson,Brighton,FWD,Injured,0.0,False,,,,
328,Struijk,Brighton,DEF,Available,,False,,,,
504,Vuskovic,Brighton,DEF,Available,,False,,,,
40,Rogers,Chelsea,MID,Available,,False,,,,
136,Welbeck,Chelsea,FWD,Available,,False,,,,
140,Sánchez,Chelsea,GK,Available,,False,,,,
141,Jörgensen,Chelsea,GK,Available,,False,,,,
142,James,Chelsea,DEF,Available,,False,,,,
143,Chalobah,Chelsea,DEF,Available,,False,,,,
144,Gusto,Chelsea,DEF,Available,,False,,,,
145,Fofana,Chelsea,DEF,Suspended,0.0,False,,,,
146,B.Badiashile,Chelsea,DEF,Available,,False,,,,
147,Tosin,Chelsea,DEF,Available,,False,,,,
148,Hato,Chelsea,DEF,Available,,False,,,,
149,Colwill,Chelsea,DEF,Available,,False,,,,
150,M.Sarr,Chelsea,DEF,Available,,False,,,,
151,Acheampong,Chelsea,DEF,Available,,False,,,,
152,Palestra,Chelsea,DEF,Available,,False,,,,
153,Disasi,Chelsea,DEF,Available,,False,,,,
154,Palmer,Chelsea,MID,Available,,False,,,,
155,Enzo,Chelsea,MID,Available,,False,,,,
156,Neto,Chelsea,MID,Available,,False,,,,
157,Estêvão,Chelsea,MID,Available,,False,,,,
158,Gittens,Chelsea,MID,Available,,False,,,,
159,Caicedo,Chelsea,MID,Available,,False,,,,
161,Lavia,Chelsea,MID,Available,,False,,,,
163,D.Essugo,Chelsea,MID,Available,,False,,,,
164,Quenda,Chelsea,MID,Doubtful,75.0,False,,,,
165,João Pedro,Chelsea,FWD,Available,,False,,,,
166,N.Jackson,Chelsea,FWD,Available,,False,,,,
167,Delap,Chelsea,FWD,Available,,False,,,,
168,Marc Guiu,Chelsea,FWD,Available,,False,,,,
169,Mheuka,Chelsea,FWD,Available,,False,,,,
170,Emegha,Chelsea,FWD,Doubtful,75.0,False,,,,
200,Lacroix,Chelsea,DEF,Available,,False,,,,
560,Penders,Chelsea,GK,Available,,False,,,,
561,Anselmino,Chelsea,DEF,Available,,False,,,,
104,Onyeka,Coventry City,MID,Available,,False,,,,
171,Dovin,Coventry City,GK,Available,,False,,,,
172,Wilson,Coventry City,GK,Available,,False,,,,
173,Thomas,Coventry City,DEF,Available,,False,,,,
174,Kitching,Coventry City,DEF,Available,,False,,,,
175,van Ewijk,Coventry City,DEF,Available,,False,,,,
176,Dasilva,Coventry City,DEF,Available,,False,,,,
177,Kesler-Hayden,Coventry City,DEF,Available,,False,,,,
178,Bidwell,Coventry City,DEF,Available,,False,,,,
179,Latibeaudiere,Coventry City,DEF,Available,,False,,,,
180,Woolfenden,Coventry City,DEF,Available,,False,,,,
181,Brau,Coventry City,DEF,Available,,False,,,,
182,Amenda,Coventry City,DEF,Available,,False,,,,
183,Rudoni,Coventry City,MID,Doubtful,75.0,False,,,,
184,Grimes,Coventry City,MID,Available,,False,,,,
185,Sakamoto,Coventry City,MID,Available,,False,,,,
186,Mason-Clark,Coventry City,MID,Available,,False,,,,
187,Eccles,Coventry City,MID,Available,,False,,,,
188,Torp,Coventry City,MID,Available,,False,,,,
189,Shepherd,Coventry City,MID,Available,,False,,,,
190,Tchaouna,Coventry City,MID,Available,,False,,,,
191,Borges Rodrigues,Coventry City,MID,Available,,False,,,,
192,Andrews,Coventry City,MID,Available,,False,,,,
193,Wright,Coventry City,FWD,Available,,False,,,,
194,Thomas-Asante,Coventry City,FWD,Available,,False,,,,
195,Simms,Coventry City,FWD,Available,,False,,,,
196,Markelo,Coventry City,FWD,Available,,False,,,,
197,Bassette,Coventry City,FWD,Unavailable,0.0,False,,,,
198,Henderson,Crystal Palace,GK,Available,,False,,,,
199,Benitez,Crystal Palace,GK,Available,,False,,,,
201,Muñoz,Crystal Palace,DEF,Available,,False,,,,
202,Richards,Crystal Palace,DEF,Available,,False,,,,
203,Canvot,Crystal Palace,DEF,Available,,False,,,,
204,Mitchell,Crystal Palace,DEF,Available,,False,,,,
205,Sosa,Crystal Palace,DEF,Available,,False,,,,
206,Chadi Riad,Crystal Palace,DEF,Available,,False,,,,
207,Mingueza,Crystal Palace,DEF,Available,,False,,,,
208,Sarr,Crystal Palace,MID,Available,,False,,,,
209,Johnson,Crystal Palace,MID,Available,,False,,,,
210,Wharton,Crystal Palace,MID,Doubtful,75.0,False,,,,
211,Yeremy,Crystal Palace,MID,Available,,False,,,,
212,Hughes,Crystal Palace,MID,Available,,False,,,,
213,Lerma,Crystal Palace,MID,Available,,False,,,,
214,Kamada,Crystal Palace,MID,Available,,False,,,,
215,Devenny,Crystal Palace,MID,Available,,False,,,,
216,Esse,Crystal Palace,MID,Available,,False,,,,
217,M.França,Crystal Palace,MID,Available,,False,,,,
218,Doucouré,Crystal Palace,MID,Available,,False,,,,
219,J.Rak-Sakyi,Crystal Palace,MID,Available,,False,,,,
220,Cardines,Crystal Palace,DEF,Available,,False,,,,
221,Drakes-Thomas,Crystal Palace,MID,Available,,False,,,,
222,Strand Larsen,Crystal Palace,FWD,Available,,False,,,,
223,Mateta,Crystal Palace,FWD,Available,,False,,,,
224,Nketiah,Crystal Palace,FWD,Available,,False,,,,
225,Uche,Crystal Palace,FWD,Unavailable,0.0,False,,,,
555,Matthews,Crystal Palace,GK,Available,,False,,,,
226,Pickford,Everton,GK,Available,,False,,,,
227,Travers,Everton,GK,Available,,False,,,,
228,King,Everton,GK,Available,,False,,,,
229,Tarkowski,Everton,DEF,Available,,False,,,,
230,Branthwaite,Everton,DEF,Available,,False,,,,
231,Keane,Everton,DEF,Available,,False,,,,
232,O'Brien,Everton,DEF,Available,,False,,,,
233,Mykolenko,Everton,DEF,Available,,False,,,,
234,Patterson,Everton,DEF,Available,,False,,,,
235,Aznou,Everton,DEF,Available,,False,,,,
236,Dewsbury-Hall,Everton,MID,Available,,False,,,,
237,Ndiaye,Everton,MID,Available,,False,,,,
239,Garner,Everton,MID,Injured,0.0,False,,,,
240,Iroegbunam,Everton,MID,Available,,False,,,,
241,McNeil,Everton,MID,Available,,False,,,,
242,George,Everton,MID,Available,,False,,,,
243,Alcaraz,Everton,MID,Available,,False,,,,
244,Armstrong,Everton,MID,Available,,False,,,,
245,Dibling,Everton,MID,Available,,False,,,,
246,Röhl,Everton,MID,Available,,False,,,,
247,Hackney,Everton,MID,Available,,False,,,,
248,Beto,Everton,FWD,Available,,False,,,,
249,Barry,Everton,FWD,Available,,False,,,,
250,Leno,Fulham,GK,Available,,False,,,,
251,Lecomte,Fulham,GK,Available,,False,,,,
252,McNally,Fulham,GK,Available,,False,,,,
253,Andersen,Fulham,DEF,Suspended,0.0,False,,,,
254,Robinson,Fulham,DEF,Available,,False,,,,
255,J.Cuenca,Fulham,DEF,Available,,False,,,,
256,Tete,Fulham,DEF,Available,,False,,,,
257,Bassey,Fulham,DEF,Available,,False,,,,
258,Castagne,Fulham,DEF,Available,,False,,,,
261,Iwobi,Fulham,MID,Available,,False,,,,
262,Smith Rowe,Fulham,MID,Available,,False,,,,
263,Kevin,Fulham,MID,Available,,False,,,,
264,Bobb,Fulham,MID,Available,,False,,,,
265,Berge,Fulham,MID,Available,,False,,,,
266,Cairney,Fulham,MID,Available,,False,,,,
267,Lukić,Fulham,MID,Available,,False,,,,
268,King,Fulham,MID,Available,,False,,,,
269,Sessegnon,Fulham,DEF,Available,,False,,,,
270,Reed,Fulham,MID,Available,,False,,,,
271,Muniz,Fulham,FWD,Available,,False,,,,
272,Kusi-Asare,Fulham,FWD,Available,,False,,,,
273,Phillips,Hull City,GK,Available,,False,,,,
274,Butland,Hull City,GK,Available,,False,,,,
275,Cartwright,Hull City,GK,Unavailable,0.0,False,,,,
276,Lo-Tutala,Hull City,GK,Available,,False,,,,
277,Egan,Hull City,DEF,Available,,False,,,,
278,Hughes,Hull City,DEF,Injured,0.0,False,,,,
279,Ajayi,Hull City,DEF,Available,,False,,,,
280,Coyle,Hull City,DEF,Available,,False,,,,
281,Drameh,Hull City,DEF,Available,,False,,,,
282,Giles,Hull City,DEF,Available,,False,,,,
283,Jacob,Hull City,DEF,Doubtful,75.0,False,,,,
284,McCarthy,Hull City,DEF,Available,,False,,,,
285,McNair,Hull City,DEF,Available,,False,,,,
286,Belloumi,Hull City,MID,Available,,False,,,,
287,Millar,Hull City,MID,Available,,False,,,,
288,Dowell,Hull City,MID,Available,,False,,,,
289,Crooks,Hull City,MID,Available,,False,,,,
290,Slater,Hull City,MID,Available,,False,,,,
291,Matazo,Hull City,MID,Injured,0.0,False,,,,
292,Ömür,Hull City,MID,Available,,False,,,,
293,Kamara,Hull City,MID,Available,,False,,,,
294,Zambrano,Hull City,MID,Available,,False,,,,
295,McBurnie,Hull City,FWD,Available,,False,,,,
296,Akintola,Hull City,MID,Available,,False,,,,
297,Gyabi,Hull City,MID,Available,,False,,,,
298,Destan,Hull City,FWD,Available,,False,,,,
299,Burstow,Hull City,FWD,Unavailable,0.0,False,,,,
556,Targett,Hull City,DEF,Available,,False,,,,
563,Morita,Hull City,MID,Available,,False,,,,
259,Diop,Ipswich Town,DEF,Available,,False,,,,
300,Walton,Ipswich Town,GK,Available,,False,,,,
301,Palmer,Ipswich Town,GK,Available,,False,,,,
302,Button,Ipswich Town,GK,Available,,False,,,,
303,Kipré,Ipswich Town,DEF,Available,,False,,,,
304,O'Shea,Ipswich Town,DEF,Available,,False,,,,
305,Davis,Ipswich Town,DEF,Available,,False,,,,
306,Greaves,Ipswich Town,DEF,Available,,False,,,,
307,Johnson,Ipswich Town,DEF,Available,,False,,,,
308,Furlong,Ipswich Town,DEF,Available,,False,,,,
309,Núñez,Ipswich Town,MID,Available,,False,,,,
310,Matusiwa,Ipswich Town,MID,Injured,0.0,False,,,,
311,Burns,Ipswich Town,MID,Available,,False,,,,
312,Taylor,Ipswich Town,MID,Injured,0.0,False,,,,
313,Clarke,Ipswich Town,MID,Available,,False,,,,
314,Ogbene,Ipswich Town,MID,Available,,False,,,,
315,Fatawu,Ipswich Town,MID,Available,,False,,,,
316,Emersonn,Ipswich Town,FWD,Available,,False,,,,
317,Hirst,Ipswich Town,FWD,Available,,False,,,,
318,Philogene,Ipswich Town,MID,Available,,False,,,,
319,Szmodics,Ipswich Town,MID,Available,,False,,,,
320,Akpom,Ipswich Town,FWD,Available,,False,,,,
321,Walle Egeli,Ipswich Town,FWD,Available,,False,,,,
322,Al-Hamadi,Ipswich Town,FWD,Available,,False,,,,
323,McAteer,Ipswich Town,MID,Available,,False,,,,
324,Mehmeti,Ipswich Town,MID,Available,,False,,,,
554,Van Oevelen,Ipswich Town,GK,Available,,False,,,,
562,Maeda,Ipswich Town,MID,Available,,False,,,,
564,Scherpen,Ipswich Town,GK,Available,,False,,,,
260,Wilson,Leeds,MID,Available,,False,,,,
326,Perri,Leeds,GK,Available,,False,,,,
327,Bijol,Leeds,DEF,Available,,False,,,,
329,Rodon,Leeds,DEF,Available,,False,,,,
330,Bogle,Leeds,DEF,Available,,False,,,,
331,Gudmundsson,Leeds,DEF,Available,,False,,,,
332,Justin,Leeds,DEF,Available,,False,,,,
333,Bornauw,Leeds,DEF,Available,,False,,,,
334,Muharemović,Leeds,DEF,Available,,False,,,,
335,Stach,Leeds,MID,Available,,False,,,,
336,Okafor,Leeds,MID,Available,,False,,,,
337,Aaronson,Leeds,MID,Available,,False,,,,
338,Ampadu,Leeds,MID,Available,,False,,,,
339,Longstaff,Leeds,MID,Available,,False,,,,
340,Gelhardt,Leeds,MID,Available,,False,,,,
341,Gnonto,Leeds,MID,Available,,False,,,,
342,Harrison,Leeds,MID,Unavailable,0.0,False,,,,
343,James,Leeds,MID,Available,,False,,,,
344,Gruev,Leeds,MID,Available,,False,,,,
345,Tanaka,Leeds,MID,Available,,False,,,,
346,Calvert-Lewin,Leeds,FWD,Available,,False,,,,
347,Nmecha,Leeds,FWD,Available,,False,,,,
348,Piroe,Leeds,FWD,Available,,False,,,,
349,Mateo Joseph,Leeds,FWD,Injured,0.0,False,,,,
350,A.Becker,Liverpool,GK,Available,,False,,,,
351,Mamardashvili,Liverpool,GK,Available,,False,,,,
352,Woodman,Liverpool,GK,Available,,False,,,,
353,Pecsi,Liverpool,GK,Available,,False,,,,
354,Jaros,Liverpool,GK,Injured,0.0,False,,,,
355,Davies,Liverpool,GK,Available,,False,,,,
356,Virgil,Liverpool,DEF,Available,,False,,,,
357,Frimpong,Liverpool,DEF,Available,,False,,,,
358,Kerkez,Liverpool,DEF,Available,,False,,,,
359,Gomez,Liverpool,DEF,Injured,0.0,False,,,,
360,Bradley,Liverpool,DEF,Injured,0.0,False,,,,
361,Lucky,Liverpool,DEF,Available,,False,,,,
362,Jacquet,Liverpool,DEF,Available,100.0,False,,,,
363,Leoni,Liverpool,DEF,Injured,0.0,False,,,,
364,Tsimikas,Liverpool,DEF,Available,,False,,,,
365,Ramsay,Liverpool,DEF,Available,,False,,,,
366,Wirtz,Liverpool,MID,Available,,False,,,,
367,Gakpo,Liverpool,MID,Available,,False,,,,
368,Szoboszlai,Liverpool,MID,Available,,False,,,,
369,Ngumoha,Liverpool,MID,Available,,False,,,,
370,Chiesa,Liverpool,MID,Available,,False,,,,
371,Gravenberch,Liverpool,MID,Available,,False,,,,
372,Mac Allister,Liverpool,MID,Available,,False,,,,
373,C.Jones,Liverpool,MID,Available,,False,,,,
374,Endo,Liverpool,MID,Doubtful,75.0,False,,,,
375,Nyoni,Liverpool,MID,Available,,False,,,,
376,Bajcetic,Liverpool,MID,Injured,0.0,False,,,,
377,Munoz,Liverpool,MID,Available,,False,,,,
378,McConnell,Liverpool,MID,Available,,False,,,,
379,Isak,Liverpool,FWD,Available,,False,,,,
380,Ekitiké,Liverpool,FWD,Injured,0.0,False,,,,
381,Koumas,Liverpool,MID,Available,,False,,,,
382,Danns,Liverpool,FWD,Injured,0.0,False,,,,
383,Elliott,Liverpool,MID,Available,,False,,,,
238,Grealish,Man City,MID,Doubtful,75.0,False,,,,
384,Donnarumma,Man City,GK,Available,,False,,,,
385,Trafford,Man City,GK,Available,,False,,,,
386,Bettinelli,Man City,GK,Available,,False,,,,
387,O'Reilly,Man City,DEF,Available,,False,,,,
388,Guéhi,Man City,DEF,Available,,False,,,,
389,Matheus N.,Man City,DEF,Available,,False,,,,
390,Rúben,Man City,DEF,Available,,False,,,,
391,Gvardiol,Man City,DEF,Available,,False,,,,
392,Aït-Nouri,Man City,DEF,Available,,False,,,,
393,Khusanov,Man City,DEF,Available,,False,,,,
394,Alleyne,Man City,DEF,Available,,False,,,,
395,Lewis,Man City,DEF,Available,,False,,,,
396,Vitor Reis,Man City,DEF,Available,,False,,,,
397,Semenyo,Man City,MID,Available,,False,,,,
398,Foden,Man City,MID,Available,,False,,,,
399,Cherki,Man City,MID,Available,,False,,,,
400,Doku,Man City,MID,Available,,False,,,,
401,Marmoush,Man City,FWD,Available,,False,,,,
402,Rodrigo,Man City,MID,Injured,0.0,False,,,,
403,Savinho,Man City,MID,Available,,False,,,,
404,Reijnders,Man City,MID,Available,,False,,,,
405,N.Gonzalez,Man City,MID,Available,,False,,,,
406,Kovačić,Man City,MID,Available,,False,,,,
407,Echeverri,Man City,MID,Available,,False,,,,
408,Phillips,Man City,MID,Available,,False,,,,
409,Mukasa,Man City,MID,Available,,False,,,,
410,Monga,Man City,MID,Available,,False,,,,
411,Haaland,Man City,FWD,Available,,False,,,,
481,Anderson,Man City,MID,Available,,False,,,,
43,Tielemans,Man Utd,MID,Doubtful,75.0,False,,,,
162,Andrey Santos,Man Utd,MID,Available,,False,,,,
325,Darlow,Man Utd,GK,Doubtful,75.0,False,,,,
412,Lammens,Man Utd,GK,Available,,False,,,,
413,Bayindir,Man Utd,GK,Available,,False,,,,
414,Heaton,Man Utd,GK,Available,,False,,,,
415,Dorgu,Man Utd,MID,Available,,False,,,,
416,De Ligt,Man Utd,DEF,Injured,0.0,False,,,,
417,Dalot,Man Utd,DEF,Available,,False,,,,
418,Maguire,Man Utd,DEF,Available,,False,,,,
419,Martinez,Man Utd,DEF,Doubtful,75.0,False,,,,
420,Yoro,Man Utd,DEF,Available,,False,,,,
421,Heaven,Man Utd,DEF,Available,,False,,,,
422,Mazraoui,Man Utd,DEF,Available,,False,,,,
423,Shaw,Man Utd,DEF,Available,,False,,,,
424,Amass,Man Utd,DEF,Available,,False,,,,
425,Fredricson,Man Utd,DEF,Available,,False,,,,
426,B.Fernandes,Man Utd,MID,Available,,False,,,,
427,Mbeumo,Man Utd,MID,Available,,False,,,,
428,Cunha,Man Utd,MID,Available,,False,,,,
429,Rashford,Man Utd,MID,Available,,False,,,,
430,Mount,Man Utd,MID,Available,,False,,,,
431,Amad,Man Utd,MID,Available,,False,,,,
432,Mainoo,Man Utd,MID,Available,,False,,,,
433,Ugarte,Man Utd,MID,Injured,0.0,False,,,,
434,J.Fletcher,Man Utd,MID,Available,,False,,,,
435,Lacey,Man Utd,MID,Available,,False,,,,
436,Collyer,Man Utd,MID,Available,,False,,,,
437,Bendito Mantato,Man Utd,MID,Available,,False,,,,
438,Fletcher,Man Utd,MID,Available,,False,,,,
439,Šeško,Man Utd,FWD,Doubtful,75.0,False,,,,
440,Zirkzee,Man Utd,FWD,Available,,False,,,,
441,Obi,Man Utd,FWD,Available,,False,,,,
442,Pope,Newcastle,GK,Available,,False,,,,
443,Gillespie,Newcastle,GK,Available,,False,,,,
444,Jaouen,Newcastle,GK,Available,,False,,,,
445,Thiaw,Newcastle,DEF,Available,,False,,,,
446,Schär,Newcastle,DEF,Available,100.0,False,,,,
447,Botman,Newcastle,DEF,Available,,False,,,,
448,Burn,Newcastle,DEF,Available,,False,,,,
449,Hall,Newcastle,DEF,Available,,False,,,,
450,Livramento,Newcastle,DEF,Doubtful,75.0,False,,,,
451,A.Murphy,Newcastle,DEF,Available,,False,,,,
452,Bruno G.,Newcastle,MID,Available,,False,,,,
453,Barnes,Newcastle,MID,Available,,False,,,,
454,Elanga,Newcastle,MID,Available,,False,,,,
456,J.Ramsey,Newcastle,MID,Available,,False,,,,
457,J.Murphy,Newcastle,MID,Available,,False,,,,
458,Joelinton,Newcastle,MID,Doubtful,75.0,False,,,,
459,L.Miley,Newcastle,MID,Injured,0.0,False,,,,
460,Willock,Newcastle,MID,Available,,False,,,,
461,Touré,Newcastle,MID,Available,,False,,,,
462,Steur,Newcastle,MID,Available,,False,,,,
463,Woltemade,Newcastle,FWD,Available,,False,,,,
464,Wissa,Newcastle,FWD,Available,,False,,,,
465,Osula,Newcastle,FWD,Available,,False,,,,
466,Neave,Newcastle,FWD,Available,,False,,,,
559,Bamba,Newcastle,MID,Available,,False,,,,
567,Horníček,Newcastle,GK,Available,,False,,,,
467,Sels,Nott'm Forest,GK,Available,,False,,,,
468,John,Nott'm Forest,GK,Available,,False,,,,
469,N.Williams,Nott'm Forest,DEF,Available,,False,,,,
470,Morato,Nott'm Forest,DEF,Available,,False,,,,
471,Milenković,Nott'm Forest,DEF,Available,,False,,,,
472,Murillo,Nott'm Forest,DEF,Doubtful,75.0,False,,,,
473,Aina,Nott'm Forest,DEF,Available,,False,,,,
474,Jair Cunha,Nott'm Forest,DEF,Available,,False,,,,
475,Savona,Nott'm Forest,DEF,Injured,0.0,False,,,,
476,O.Richards,Nott'm Forest,DEF,Available,,False,,,,
477,Abbott,Nott'm Forest,DEF,Available,,False,,,,
478,Netz,Nott'm Forest,DEF,Available,,False,,,,
479,Bindon,Nott'm Forest,DEF,Available,,False,,,,
480,Gibbs-White,Nott'm Forest,MID,Available,,False,,,,
482,Hudson-Odoi,Nott'm Forest,MID,Doubtful,75.0,False,,,,
483,Ndoye,Nott'm Forest,MID,Available,,False,,,,
484,Hutchinson,Nott'm Forest,MID,Available,,False,,,,
485,Bakwa,Nott'm Forest,MID,Available,,False,,,,
486,McAtee,Nott'm Forest,MID,Available,,False,,,,
487,Dominguez,Nott'm Forest,MID,Available,,False,,,,
488,Sangaré,Nott'm Forest,MID,Available,,False,,,,
489,Yates,Nott'm Forest,MID,Available,,False,,,,
490,Wood,Nott'm Forest,FWD,Available,,False,,,,
491,Igor Jesus,Nott'm Forest,FWD,Available,,False,,,,
492,Awoniyi,Nott'm Forest,FWD,Available,,False,,,,
493,Kalimuendo,Nott'm Forest,FWD,Available,,False,,,,
558,Schlager,Nott'm Forest,MID,Available,,False,,,,
112,Van Hecke,Spurs,DEF,Available,,False,,,,
455,Tonali,Spurs,MID,Available,,False,,,,
494,Vicario,Spurs,GK,Available,,False,,,,
495,Austin,Spurs,GK,Available,,False,,,,
496,Kinsky,Spurs,GK,Available,,False,,,,
497,Dubravka,Spurs,GK,Available,,False,,,,
498,Senesi,Spurs,DEF,Available,,False,,,,
499,Pedro Porro,Spurs,DEF,Available,,False,,,,
500,Romero,Spurs,DEF,Available,,False,,,,
501,Danso,Spurs,DEF,Available,,False,,,,
502,Robertson,Spurs,DEF,Available,,False,,,,
503,Van de Ven,Spurs,DEF,Available,,False,,,,
505,Spence,Spurs,DEF,Available,,False,,,,
506,Udogie,Spurs,DEF,Available,,False,,,,
507,Phillips,Spurs,DEF,Available,,False,,,,
508,Davies,Spurs,DEF,Available,,False,,,,
509,Byfield,Spurs,DEF,Available,,False,,,,
510,Rowswell,Spurs,DEF,Available,,False,,,,
511,Souza,Spurs,DEF,Available,,False,,,,
512,Kudus,Spurs,MID,Doubtful,75.0,False,,,,
513,Xavi,Spurs,MID,Injured,0.0,False,,,,
514,Tel,Spurs,MID,Available,,False,,,,
515,Maddison,Spurs,MID,Available,,False,,,,
516,Bentancur,Spurs,MID,Available,,False,,,,
517,Odobert,Spurs,MID,Injured,0.0,False,,,,
518,P.M.Sarr,Spurs,MID,Available,,False,,,,
519,Gallagher,Spurs,MID,Available,,False,,,,
520,Bergvall,Spurs,MID,Available,,False,,,,
521,Kulusevski,Spurs,MID,Injured,0.0,False,,,,
522,Gray,Spurs,MID,Available,,False,,,,
523,Moore,Spurs,MID,Available,,False,,,,
524,Olusesi,Spurs,MID,Available,,False,,,,
525,Fernandes,Spurs,MID,Available,,False,,,,
526,Solanke,Spurs,FWD,Available,,False,,,,
527,Richarlison,Spurs,FWD,Available,,False,,,,
528,Scarlett,Spurs,FWD,Available,,False,,,,
529,Roefs,Sunderland,GK,Available,,False,,,,
530,Patterson,Sunderland,GK,Available,,False,,,,
531,Ellborg,Sunderland,GK,Available,,False,,,,
532,Ballard,Sunderland,DEF,Available,,False,,,,
533,Mukiele,Sunderland,DEF,Available,,False,,,,
534,Hume,Sunderland,DEF,Available,,False,,,,
535,Alderete,Sunderland,DEF,Available,,False,,,,
536,Reinildo,Sunderland,DEF,Available,,False,,,,
537,Seelt,Sunderland,DEF,Available,,False,,,,
538,Hjelde,Sunderland,DEF,Available,,False,,,,
539,O'Nien,Sunderland,DEF,Available,,False,,,,
540,Masuaku,Sunderland,DEF,Available,,False,,,,
541,Meunier,Sunderland,DEF,Available,,False,,,,
542,E.Le Fée,Sunderland,MID,Available,,False,,,,
543,Diarra,Sunderland,MID,Available,,False,,,,
544,Xhaka,Sunderland,MID,Available,,False,,,,
545,Sadiki,Sunderland,MID,Available,,False,,,,
546,Adingra,Sunderland,MID,Available,,False,,,,
547,Mundle,Sunderland,MID,Available,,False,,,,
548,Rigg,Sunderland,MID,Available,,False,,,,
549,Talbi,Sunderland,MID,Available,,False,,,,
550,Jocelin.T,Sunderland,MID,Available,,False,,,,
551,Angulo,Sunderland,MID,Available,,False,,,,
552,Brobbey,Sunderland,FWD,Available,,False,,,,
553,Isidor,Sunderland,FWD,Available,,False,,,,
